id,date,primary_type,latitude,longitude,community_area,lat,lon,cluster,rank,tipo_ponto
27931,2023-12-31T04:41:00.000,HOMICIDE,41.872628083,-87.698521554,27,41.872628083,-87.698521554,1,2,top 2
27930,2023-12-30T14:21:00.000,HOMICIDE,41.880366261,-87.75558668,25,41.880366261,-87.75558668,1,2,top 2
27927,2023-12-28T02:03:00.000,HOMICIDE,41.761364334,-87.657658897,67,41.761364334,-87.657658897,2,1,top 1
27926,2023-12-27T00:51:00.000,HOMICIDE,41.805756349,-87.668540966,61,41.805756349,-87.668540966,2,1,top 1
27925,2023-12-26T21:09:00.000,HOMICIDE,41.900504318,-87.747077892,25,41.900504318,-87.747077892,1,2,top 2
28292,2023-12-25T16:30:00.000,HOMICIDE,42.007939588,-87.66414406,1,42.007939588,-87.66414406,3,6,top 6
27924,2023-12-25T12:55:00.000,HOMICIDE,41.693960671,-87.621658468,49,41.693960671,-87.621658468,2,1,top 1
27923,2023-12-23T21:58:00.000,HOMICIDE,41.735810271,-87.580546199,48,41.735810271,-87.580546199,2,1,top 1
27921,2023-12-23T15:33:00.000,HOMICIDE,41.793850419,-87.685133244,63,41.793850419,-87.685133244,2,1,top 1
27919,2023-12-22T04:32:00.000,HOMICIDE,41.755111018,-87.649009226,71,41.755111018,-87.649009226,2,1,top 1
27918,2023-12-21T00:53:00.000,HOMICIDE,41.746802165,-87.596783356,45,41.746802165,-87.596783356,2,1,top 1
27917,2023-12-20T13:25:00.000,HOMICIDE,41.736625423,-87.60656135,44,41.736625423,-87.60656135,2,1,top 1
27916,2023-12-18T20:28:00.000,HOMICIDE,41.91029099,-87.769134183,25,41.91029099,-87.769134183,1,2,top 2
27915,2023-12-18T17:43:00.000,HOMICIDE,41.866331725,-87.666379171,28,41.866331725,-87.666379171,4,3,top 3
27913,2023-12-18T17:10:00.000,HOMICIDE,41.774977636,-87.682170473,66,41.774977636,-87.682170473,2,1,top 1
27914,2023-12-18T14:25:00.000,HOMICIDE,41.774977636,-87.682170473,66,41.774977636,-87.682170473,2,1,top 1
27910,2023-12-17T11:32:00.000,HOMICIDE,41.876225829,-87.721791324,26,41.876225829,-87.721791324,1,2,top 2
27911,2023-12-16T20:12:00.000,HOMICIDE,41.75929907,-87.612693997,69,41.75929907,-87.612693997,2,1,top 1
27909,2023-12-15T02:55:00.000,HOMICIDE,41.826410642,-87.639910776,60,41.826410642,-87.639910776,2,1,top 1
27908,2023-12-13T06:53:00.000,HOMICIDE,41.890596643,-87.760482027,25,41.890596643,-87.760482027,1,2,top 2
27912,2023-12-12T20:00:00.000,HOMICIDE,41.763454279,-87.565304885,43,41.763454279,-87.565304885,2,1,top 1
27907,2023-12-12T18:16:00.000,HOMICIDE,41.781571789,-87.711827796,66,41.781571789,-87.711827796,2,1,top 1
27906,2023-12-12T18:16:00.000,HOMICIDE,41.781571789,-87.711827796,66,41.781571789,-87.711827796,2,1,top 1
27905,2023-12-12T09:15:00.000,HOMICIDE,41.738642597,-87.64124783,71,41.738642597,-87.64124783,2,1,top 1
27904,2023-12-11T18:01:00.000,HOMICIDE,41.804180422,-87.677007759,61,41.804180422,-87.677007759,2,1,top 1
27903,2023-12-10T15:56:00.000,HOMICIDE,41.781991625,-87.712835694,66,41.781991625,-87.712835694,2,1,top 1
27901,2023-12-10T11:45:00.000,HOMICIDE,41.871732207,-87.718467287,27,41.871732207,-87.718467287,1,2,top 2
27900,2023-12-09T21:43:00.000,HOMICIDE,41.852905207,-87.627981752,33,41.852905207,-87.627981752,5,5,top 5
27899,2023-12-09T01:37:00.000,HOMICIDE,41.910488657,-87.721457048,23,41.910488657,-87.721457048,1,2,top 2
27898,2023-12-08T22:33:00.000,HOMICIDE,41.810705604,-87.723691429,57,41.810705604,-87.723691429,0,NA,ruído
27897,2023-12-08T21:00:00.000,HOMICIDE,41.784101016,-87.661904494,67,41.784101016,-87.661904494,2,1,top 1
27896,2023-12-08T00:20:00.000,HOMICIDE,41.752748627,-87.741497836,70,41.752748627,-87.741497836,0,NA,ruído
27894,2023-12-07T16:11:00.000,HOMICIDE,41.769504865,-87.682057196,66,41.769504865,-87.682057196,2,1,top 1
27893,2023-12-07T03:45:00.000,HOMICIDE,41.885113104,-87.641292501,28,41.885113104,-87.641292501,0,NA,ruído
27892,2023-12-06T04:09:00.000,HOMICIDE,41.76143238,-87.590868863,43,41.76143238,-87.590868863,2,1,top 1
27890,2023-12-05T09:24:00.000,HOMICIDE,41.773076155,-87.677401935,67,41.773076155,-87.677401935,2,1,top 1
27889,2023-12-04T05:02:00.000,HOMICIDE,41.840280765,-87.713458245,30,41.840280765,-87.713458245,1,2,top 2
27888,2023-12-03T18:17:00.000,HOMICIDE,41.911770983,-87.764300976,25,41.911770983,-87.764300976,1,2,top 2
27887,2023-12-01T00:52:00.000,HOMICIDE,41.963701518,-87.719337688,14,41.963701518,-87.719337688,6,9,top 9
27886,2023-11-29T21:01:00.000,HOMICIDE,41.872632439,-87.716953276,27,41.872632439,-87.716953276,1,2,top 2
27891,2023-11-29T20:54:00.000,HOMICIDE,41.924657953,-87.712410656,22,41.924657953,-87.712410656,1,2,top 2
27885,2023-11-29T19:25:00.000,HOMICIDE,41.75327026,-87.66027254,71,41.75327026,-87.66027254,2,1,top 1
27884,2023-11-29T17:57:00.000,HOMICIDE,41.735329834,-87.625419019,44,41.735329834,-87.625419019,2,1,top 1
27882,2023-11-27T20:18:00.000,HOMICIDE,41.807852559,-87.657651126,61,41.807852559,-87.657651126,2,1,top 1
27881,2023-11-26T15:52:00.000,HOMICIDE,41.85030609,-87.679406703,31,41.85030609,-87.679406703,1,2,top 2
28004,2023-11-26T05:03:00.000,HOMICIDE,41.923028087,-87.742616611,19,41.923028087,-87.742616611,1,2,top 2
27879,2023-11-24T14:33:00.000,HOMICIDE,41.750740453,-87.567435395,46,41.750740453,-87.567435395,2,1,top 1
27878,2023-11-22T19:21:00.000,HOMICIDE,41.735531019,-87.553488385,46,41.735531019,-87.553488385,2,1,top 1
27877,2023-11-22T18:53:00.000,HOMICIDE,41.779209169,-87.687000218,66,41.779209169,-87.687000218,2,1,top 1
27876,2023-11-22T13:12:00.000,HOMICIDE,41.875938196,-87.725506313,26,41.875938196,-87.725506313,1,2,top 2
27875,2023-11-22T04:29:00.000,HOMICIDE,41.856493805,-87.641825047,31,41.856493805,-87.641825047,4,3,top 3
27874,2023-11-21T01:31:00.000,HOMICIDE,41.85665565,-87.684128681,31,41.85665565,-87.684128681,1,2,top 2
27873,2023-11-19T22:44:00.000,HOMICIDE,41.924506649,-87.72515945,22,41.924506649,-87.72515945,1,2,top 2
27872,2023-11-19T15:00:00.000,HOMICIDE,41.732675718,-87.604726411,44,41.732675718,-87.604726411,2,1,top 1
27871,2023-11-19T15:00:00.000,HOMICIDE,41.732675718,-87.604726411,44,41.732675718,-87.604726411,2,1,top 1
27870,2023-11-18T20:42:00.000,HOMICIDE,41.88281685,-87.766596053,25,41.88281685,-87.766596053,1,2,top 2
27866,2023-11-17T23:07:00.000,HOMICIDE,41.695255972,-87.620769078,49,41.695255972,-87.620769078,2,1,top 1
27865,2023-11-17T13:51:00.000,HOMICIDE,41.876821749,-87.701090778,27,41.876821749,-87.701090778,1,2,top 2
27864,2023-11-17T03:51:00.000,HOMICIDE,41.895182652,-87.654784748,24,41.895182652,-87.654784748,0,NA,ruído
27920,2023-11-16T14:15:00.000,HOMICIDE,41.780420705,-87.675145585,67,41.780420705,-87.675145585,2,1,top 1
27863,2023-11-16T14:08:00.000,HOMICIDE,42.019382771,-87.672661273,1,42.019382771,-87.672661273,3,6,top 6
27862,2023-11-15T23:53:00.000,HOMICIDE,41.888131743,-87.629548167,8,41.888131743,-87.629548167,7,4,top 4
27928,2023-11-14T14:42:00.000,HOMICIDE,41.902064444,-87.770951454,25,41.902064444,-87.770951454,1,2,top 2
27861,2023-11-13T14:26:00.000,HOMICIDE,41.933687528,-87.789446513,19,41.933687528,-87.789446513,0,NA,ruído
27860,2023-11-12T23:59:00.000,HOMICIDE,41.772711564,-87.569952861,43,41.772711564,-87.569952861,2,1,top 1
27859,2023-11-12T23:36:00.000,HOMICIDE,41.877109661,-87.723890582,26,41.877109661,-87.723890582,1,2,top 2
27858,2023-11-12T04:30:00.000,HOMICIDE,41.839949171,-87.711006351,30,41.839949171,-87.711006351,1,2,top 2
27857,2023-11-11T18:49:00.000,HOMICIDE,41.749876545,-87.682838316,70,41.749876545,-87.682838316,2,1,top 1
27856,2023-11-11T15:20:00.000,HOMICIDE,41.657905826,-87.599875727,54,41.657905826,-87.599875727,8,7,top 7
27855,2023-11-11T04:49:00.000,HOMICIDE,41.906760767,-87.722774741,23,41.906760767,-87.722774741,1,2,top 2
27854,2023-11-10T21:26:00.000,HOMICIDE,42.020295765,-87.668243006,1,42.020295765,-87.668243006,3,6,top 6
27853,2023-11-10T20:52:00.000,HOMICIDE,41.741527505,-87.721656705,70,41.741527505,-87.721656705,9,NA,cluster menor
27850,2023-11-10T17:52:00.000,HOMICIDE,41.884363351,-87.714262554,27,41.884363351,-87.714262554,1,2,top 2
27851,2023-11-10T17:22:00.000,HOMICIDE,41.741527505,-87.721656705,70,41.741527505,-87.721656705,9,NA,cluster menor
27852,2023-11-10T17:16:00.000,HOMICIDE,41.741527505,-87.721656705,70,41.741527505,-87.721656705,9,NA,cluster menor
27849,2023-11-10T15:40:00.000,HOMICIDE,41.880421366,-87.751282465,25,41.880421366,-87.751282465,1,2,top 2
27847,2023-11-08T16:21:00.000,HOMICIDE,41.736922044,-87.551419766,46,41.736922044,-87.551419766,2,1,top 1
27848,2023-11-08T11:19:00.000,HOMICIDE,41.878422757,-87.745201408,25,41.878422757,-87.745201408,1,2,top 2
27846,2023-11-07T20:51:00.000,HOMICIDE,41.743997733,-87.603271938,44,41.743997733,-87.603271938,2,1,top 1
27845,2023-11-07T19:56:00.000,HOMICIDE,41.841103444,-87.626852618,35,41.841103444,-87.626852618,5,5,top 5
28098,2023-11-07T14:20:00.000,HOMICIDE,41.821767828,-87.700359595,58,41.821767828,-87.700359595,2,1,top 1
27843,2023-11-06T15:05:00.000,HOMICIDE,41.7984211,-87.687826752,63,41.7984211,-87.687826752,2,1,top 1
27844,2023-11-06T12:23:00.000,HOMICIDE,41.731211706,-87.661715512,73,41.731211706,-87.661715512,0,NA,ruído
28725,2023-11-06T08:58:00.000,HOMICIDE,41.695279885,-87.626418591,49,41.695279885,-87.626418591,2,1,top 1
27842,2023-11-05T01:38:00.000,HOMICIDE,41.758904163,-87.634506167,69,41.758904163,-87.634506167,2,1,top 1
27841,2023-11-05T01:31:00.000,HOMICIDE,41.787508133,-87.61671965,40,41.787508133,-87.61671965,2,1,top 1
27839,2023-11-04T17:07:00.000,HOMICIDE,41.80425807,-87.670933161,61,41.80425807,-87.670933161,2,1,top 1
27838,2023-11-04T07:54:00.000,HOMICIDE,41.882880585,-87.698023476,27,41.882880585,-87.698023476,1,2,top 2
27835,2023-11-04T01:05:00.000,HOMICIDE,41.821712132,-87.703207097,58,41.821712132,-87.703207097,2,1,top 1
27836,2023-11-04T01:02:00.000,HOMICIDE,41.821712132,-87.703207097,58,41.821712132,-87.703207097,2,1,top 1
27837,2023-11-04T01:00:00.000,HOMICIDE,41.821712132,-87.703207097,58,41.821712132,-87.703207097,2,1,top 1
27834,2023-11-02T21:48:00.000,HOMICIDE,41.774229513,-87.596059042,42,41.774229513,-87.596059042,2,1,top 1
27833,2023-11-01T17:17:00.000,HOMICIDE,41.675501227,-87.63581177,53,41.675501227,-87.63581177,2,1,top 1
27832,2023-11-01T01:19:00.000,HOMICIDE,41.743388524,-87.590431862,45,41.743388524,-87.590431862,2,1,top 1
27831,2023-11-01T01:15:00.000,HOMICIDE,41.743388524,-87.590431862,45,41.743388524,-87.590431862,2,1,top 1
27830,2023-10-31T07:28:00.000,HOMICIDE,41.715388482,-87.531656918,52,41.715388482,-87.531656918,10,10,top 10
27828,2023-10-30T23:21:00.000,HOMICIDE,41.763244644,-87.596998533,69,41.763244644,-87.596998533,2,1,top 1
27826,2023-10-30T17:47:00.000,HOMICIDE,41.737032276,-87.577322335,45,41.737032276,-87.577322335,2,1,top 1
27827,2023-10-30T16:40:00.000,HOMICIDE,41.896229142,-87.712678764,23,41.896229142,-87.712678764,1,2,top 2
27825,2023-10-29T19:03:00.000,HOMICIDE,41.882307726,-87.742889004,25,41.882307726,-87.742889004,1,2,top 2
27821,2023-10-28T22:16:00.000,HOMICIDE,41.784944881,-87.609700893,42,41.784944881,-87.609700893,2,1,top 1
27824,2023-10-28T06:10:00.000,HOMICIDE,41.886283298,-87.758956097,25,41.886283298,-87.758956097,1,2,top 2
27823,2023-10-28T05:09:00.000,HOMICIDE,41.882812102,-87.704527707,27,41.882812102,-87.704527707,1,2,top 2
27822,2023-10-28T02:37:00.000,HOMICIDE,41.675523891,-87.641832941,53,41.675523891,-87.641832941,2,1,top 1
13259203,2023-10-27T21:57:00.000,HOMICIDE,41.795831371,-87.684086445,63,41.795831371,-87.684086445,2,1,top 1
27820,2023-10-27T21:42:00.000,HOMICIDE,41.727308981,-87.556716343,48,41.727308981,-87.556716343,2,1,top 1
27819,2023-10-27T18:00:00.000,HOMICIDE,41.894302232,-87.718717316,23,41.894302232,-87.718717316,1,2,top 2
27818,2023-10-25T15:29:00.000,HOMICIDE,41.786873855,-87.655550394,67,41.786873855,-87.655550394,2,1,top 1
27816,2023-10-24T21:51:00.000,HOMICIDE,41.760118313,-87.558113164,43,41.760118313,-87.558113164,2,1,top 1
27815,2023-10-24T07:14:00.000,HOMICIDE,41.772391355,-87.583839542,43,41.772391355,-87.583839542,2,1,top 1
27814,2023-10-23T21:29:00.000,HOMICIDE,41.782301998,-87.663056212,67,41.782301998,-87.663056212,2,1,top 1
27813,2023-10-23T20:37:00.000,HOMICIDE,41.895295043,-87.750714024,25,41.895295043,-87.750714024,1,2,top 2
27811,2023-10-22T22:30:00.000,HOMICIDE,41.793628171,-87.781845703,56,41.793628171,-87.781845703,0,NA,ruído
27810,2023-10-22T19:21:00.000,HOMICIDE,41.771700102,-87.640276722,68,41.771700102,-87.640276722,2,1,top 1
27809,2023-10-22T18:27:00.000,HOMICIDE,41.765198115,-87.644716012,68,41.765198115,-87.644716012,2,1,top 1
27812,2023-10-22T02:25:00.000,HOMICIDE,41.684388324,-87.667902762,75,41.684388324,-87.667902762,0,NA,ruído
27808,2023-10-21T15:03:00.000,HOMICIDE,41.851355335,-87.723988296,29,41.851355335,-87.723988296,1,2,top 2
27807,2023-10-21T12:46:00.000,HOMICIDE,41.7615614,-87.590874706,43,41.7615614,-87.590874706,2,1,top 1
27806,2023-10-21T04:10:00.000,HOMICIDE,41.867697344,-87.697156855,29,41.867697344,-87.697156855,1,2,top 2
27805,2023-10-20T16:03:00.000,HOMICIDE,41.771683815,-87.570984165,43,41.771683815,-87.570984165,2,1,top 1
27804,2023-10-18T22:55:00.000,HOMICIDE,41.884588704,-87.733455762,26,41.884588704,-87.733455762,1,2,top 2
27802,2023-10-17T21:20:00.000,HOMICIDE,41.696724927,-87.628006563,49,41.696724927,-87.628006563,2,1,top 1
27801,2023-10-17T04:30:00.000,HOMICIDE,41.751305105,-87.603592263,44,41.751305105,-87.603592263,2,1,top 1
27800,2023-10-17T00:53:00.000,HOMICIDE,41.74505265,-87.602582077,44,41.74505265,-87.602582077,2,1,top 1
27798,2023-10-15T02:53:00.000,HOMICIDE,41.872858002,-87.661747434,28,41.872858002,-87.661747434,4,3,top 3
27797,2023-10-15T01:10:00.000,HOMICIDE,41.855705085,-87.6685929,31,41.855705085,-87.6685929,4,3,top 3
27796,2023-10-14T17:08:00.000,HOMICIDE,41.848073974,-87.710322018,30,41.848073974,-87.710322018,1,2,top 2
27795,2023-10-13T23:44:00.000,HOMICIDE,41.752839063,-87.576011776,43,41.752839063,-87.576011776,2,1,top 1
27794,2023-10-13T16:43:00.000,HOMICIDE,41.775156446,-87.664098467,67,41.775156446,-87.664098467,2,1,top 1
27793,2023-10-12T02:38:00.000,HOMICIDE,41.780261052,-87.701952195,66,41.780261052,-87.701952195,2,1,top 1
27792,2023-10-10T12:27:00.000,HOMICIDE,41.910434393,-87.719003446,23,41.910434393,-87.719003446,1,2,top 2
27791,2023-10-09T23:54:00.000,HOMICIDE,41.808588646,-87.66668135,61,41.808588646,-87.66668135,2,1,top 1
27790,2023-10-09T20:11:00.000,HOMICIDE,41.724494263,-87.643297231,73,41.724494263,-87.643297231,2,1,top 1
27788,2023-10-09T15:03:00.000,HOMICIDE,41.780352232,-87.66424243,67,41.780352232,-87.66424243,2,1,top 1
27786,2023-10-07T11:02:00.000,HOMICIDE,41.760578867,-87.587473675,43,41.760578867,-87.587473675,2,1,top 1
27787,2023-10-07T09:45:00.000,HOMICIDE,41.748359774,-87.633026449,44,41.748359774,-87.633026449,2,1,top 1
27785,2023-10-06T18:55:00.000,HOMICIDE,41.708059363,-87.648944456,73,41.708059363,-87.648944456,11,8,top 8
27784,2023-10-06T17:09:00.000,HOMICIDE,41.86625461,-87.718967674,29,41.86625461,-87.718967674,1,2,top 2
27783,2023-10-06T02:41:00.000,HOMICIDE,41.795815172,-87.671152128,61,41.795815172,-87.671152128,2,1,top 1
27782,2023-10-06T02:40:00.000,HOMICIDE,41.795815172,-87.671152128,61,41.795815172,-87.671152128,2,1,top 1
27781,2023-10-06T01:40:00.000,HOMICIDE,41.879413315,-87.702269667,27,41.879413315,-87.702269667,1,2,top 2
27780,2023-10-04T00:05:00.000,HOMICIDE,41.87689123,-87.62997995,32,41.87689123,-87.62997995,7,4,top 4
27779,2023-10-03T19:47:00.000,HOMICIDE,41.829614746,-87.622652971,35,41.829614746,-87.622652971,2,1,top 1
27777,2023-10-03T11:26:00.000,HOMICIDE,41.880455965,-87.748370162,25,41.880455965,-87.748370162,1,2,top 2
27778,2023-10-02T08:59:00.000,HOMICIDE,41.931233537,-87.769401694,19,41.931233537,-87.769401694,1,2,top 2
27774,2023-10-01T15:43:00.000,HOMICIDE,41.880356034,-87.70203272,27,41.880356034,-87.70203272,1,2,top 2
27775,2023-10-01T14:25:00.000,HOMICIDE,41.880356034,-87.70203272,27,41.880356034,-87.70203272,1,2,top 2
27776,2023-10-01T07:37:00.000,HOMICIDE,41.901216963,-87.663151087,24,41.901216963,-87.663151087,0,NA,ruído
27773,2023-10-01T00:12:00.000,HOMICIDE,41.917052987,-87.735547416,20,41.917052987,-87.735547416,1,2,top 2
27772,2023-09-30T00:09:00.000,HOMICIDE,41.859038658,-87.709562184,29,41.859038658,-87.709562184,1,2,top 2
27771,2023-09-29T17:22:00.000,HOMICIDE,41.682334926,-87.620651734,53,41.682334926,-87.620651734,2,1,top 1
27770,2023-09-28T20:03:00.000,HOMICIDE,41.857037418,-87.725299889,29,41.857037418,-87.725299889,1,2,top 2
27769,2023-09-27T13:00:00.000,HOMICIDE,41.753956352,-87.666393069,71,41.753956352,-87.666393069,2,1,top 1
27767,2023-09-27T00:23:00.000,HOMICIDE,41.688003027,-87.619494498,49,41.688003027,-87.619494498,2,1,top 1
27766,2023-09-26T21:30:00.000,HOMICIDE,41.780218151,-87.684889246,66,41.780218151,-87.684889246,2,1,top 1
27764,2023-09-26T15:51:00.000,HOMICIDE,41.812622771,-87.704150891,58,41.812622771,-87.704150891,2,1,top 1
27765,2023-09-26T15:10:00.000,HOMICIDE,41.773290792,-87.59049383,43,41.773290792,-87.59049383,2,1,top 1
27762,2023-09-24T10:55:00.000,HOMICIDE,41.793325992,-87.64270247,68,41.793325992,-87.64270247,2,1,top 1
27761,2023-09-24T01:09:00.000,HOMICIDE,41.729328717,-87.642212393,71,41.729328717,-87.642212393,2,1,top 1
27760,2023-09-23T11:02:00.000,HOMICIDE,41.745901647,-87.6560438,71,41.745901647,-87.6560438,2,1,top 1
27759,2023-09-21T18:22:00.000,HOMICIDE,41.753974914,-87.550179329,43,41.753974914,-87.550179329,2,1,top 1
27758,2023-09-21T14:32:00.000,HOMICIDE,41.720815746,-87.628640614,49,41.720815746,-87.628640614,2,1,top 1
27757,2023-09-20T21:01:00.000,HOMICIDE,41.814852289,-87.689503307,58,41.814852289,-87.689503307,2,1,top 1
27755,2023-09-19T08:08:00.000,HOMICIDE,41.746922888,-87.600211934,44,41.746922888,-87.600211934,2,1,top 1
27756,2023-09-19T06:40:00.000,HOMICIDE,41.866845456,-87.712996097,29,41.866845456,-87.712996097,1,2,top 2
27753,2023-09-19T04:21:00.000,HOMICIDE,41.707666202,-87.532869851,52,41.707666202,-87.532869851,10,10,top 10
27752,2023-09-19T00:31:00.000,HOMICIDE,41.74766347,-87.601874532,44,41.74766347,-87.601874532,2,1,top 1
27751,2023-09-18T21:04:00.000,HOMICIDE,41.766446231,-87.631026315,69,41.766446231,-87.631026315,2,1,top 1
27754,2023-09-18T18:36:00.000,HOMICIDE,41.752123141,-87.61979599,69,41.752123141,-87.61979599,2,1,top 1
27768,2023-09-18T08:49:00.000,HOMICIDE,41.917460118,-87.74745182,19,41.917460118,-87.74745182,1,2,top 2
27749,2023-09-15T17:08:00.000,HOMICIDE,41.712359904,-87.62009309,49,41.712359904,-87.62009309,2,1,top 1
27748,2023-09-14T20:11:00.000,HOMICIDE,41.880801316,-87.625438715,32,41.880801316,-87.625438715,7,4,top 4
27747,2023-09-14T09:50:00.000,HOMICIDE,41.768056979,-87.662691319,67,41.768056979,-87.662691319,2,1,top 1
27746,2023-09-13T22:33:00.000,HOMICIDE,41.70080589,-87.643858138,73,41.70080589,-87.643858138,11,8,top 8
27744,2023-09-12T23:34:00.000,HOMICIDE,41.937037115,-87.694891441,21,41.937037115,-87.694891441,0,NA,ruído
27743,2023-09-12T14:51:00.000,HOMICIDE,41.798154328,-87.730657461,57,41.798154328,-87.730657461,12,NA,cluster menor
27745,2023-09-11T06:43:00.000,HOMICIDE,41.737857562,-87.566031303,46,41.737857562,-87.566031303,2,1,top 1
27741,2023-09-10T03:32:00.000,HOMICIDE,41.899090952,-87.718208578,23,41.899090952,-87.718208578,1,2,top 2
27740,2023-09-09T10:35:00.000,HOMICIDE,41.811221665,-87.747448869,56,41.811221665,-87.747448869,0,NA,ruído
27739,2023-09-09T08:40:00.000,HOMICIDE,41.675989111,-87.616534181,53,41.675989111,-87.616534181,2,1,top 1
27738,2023-09-09T03:16:00.000,HOMICIDE,41.748120376,-87.641527156,71,41.748120376,-87.641527156,2,1,top 1
27736,2023-09-08T23:24:00.000,HOMICIDE,41.747532761,-87.667009237,71,41.747532761,-87.667009237,2,1,top 1
27799,2023-09-08T12:48:00.000,HOMICIDE,41.766741956,-87.663075242,67,41.766741956,-87.663075242,2,1,top 1
27735,2023-09-07T21:47:00.000,HOMICIDE,41.750974623,-87.623557715,69,41.750974623,-87.623557715,2,1,top 1
27737,2023-09-07T19:34:00.000,HOMICIDE,41.942257928,-87.669951491,6,41.942257928,-87.669951491,0,NA,ruído
27929,2023-09-05T12:24:00.000,HOMICIDE,41.91884126,-87.777983794,19,41.91884126,-87.777983794,1,2,top 2
27733,2023-09-05T04:22:00.000,HOMICIDE,41.69985327,-87.624852514,49,41.69985327,-87.624852514,2,1,top 1
27731,2023-09-04T22:13:00.000,HOMICIDE,41.775137868,-87.753030909,64,41.775137868,-87.753030909,0,NA,ruído
27730,2023-09-04T21:06:00.000,HOMICIDE,41.749315877,-87.568628671,46,41.749315877,-87.568628671,2,1,top 1
27732,2023-09-04T14:32:00.000,HOMICIDE,41.658182943,-87.61332106,54,41.658182943,-87.61332106,8,7,top 7
27729,2023-09-04T05:05:00.000,HOMICIDE,41.885474288,-87.699584257,27,41.885474288,-87.699584257,1,2,top 2
27883,2023-09-03T01:38:00.000,HOMICIDE,41.779120086,-87.615599494,69,41.779120086,-87.615599494,2,1,top 1
27728,2023-09-02T16:45:00.000,HOMICIDE,41.880769306,-87.722118889,26,41.880769306,-87.722118889,1,2,top 2
27727,2023-09-02T15:10:00.000,HOMICIDE,41.788732481,-87.652890669,68,41.788732481,-87.652890669,2,1,top 1
27726,2023-09-02T08:00:00.000,HOMICIDE,41.877906253,-87.731318752,26,41.877906253,-87.731318752,1,2,top 2
27725,2023-09-01T18:34:00.000,HOMICIDE,41.82474216,-87.631332494,34,41.82474216,-87.631332494,2,1,top 1
27724,2023-09-01T18:34:00.000,HOMICIDE,41.823732931,-87.69296948,58,41.823732931,-87.69296948,2,1,top 1
27723,2023-08-31T12:53:00.000,HOMICIDE,41.779120086,-87.615599494,69,41.779120086,-87.615599494,2,1,top 1
27750,2023-08-30T12:58:00.000,HOMICIDE,41.77405332,-87.604573578,42,41.77405332,-87.604573578,2,1,top 1
27722,2023-08-29T05:00:00.000,HOMICIDE,41.660392717,-87.588857809,51,41.660392717,-87.588857809,8,7,top 7
27721,2023-08-28T21:39:00.000,HOMICIDE,41.694335171,-87.628991986,49,41.694335171,-87.628991986,2,1,top 1
27720,2023-08-28T18:43:00.000,HOMICIDE,41.87690503,-87.711316229,27,41.87690503,-87.711316229,1,2,top 2
27719,2023-08-28T00:54:00.000,HOMICIDE,41.722350265,-87.584454327,51,41.722350265,-87.584454327,16,NA,cluster menor
27718,2023-08-28T00:24:00.000,HOMICIDE,41.754200888,-87.649634597,71,41.754200888,-87.649634597,2,1,top 1
27717,2023-08-26T04:35:00.000,HOMICIDE,41.880218177,-87.690048344,28,41.880218177,-87.690048344,1,2,top 2
27716,2023-08-25T05:14:00.000,HOMICIDE,41.813328996,-87.668745122,61,41.813328996,-87.668745122,2,1,top 1
27715,2023-08-24T00:20:00.000,HOMICIDE,41.743906348,-87.6997911,70,41.743906348,-87.6997911,13,NA,cluster menor
27714,2023-08-24T00:13:00.000,HOMICIDE,41.851560209,-87.72381017,29,41.851560209,-87.72381017,1,2,top 2
27713,2023-08-23T16:45:00.000,HOMICIDE,41.779547527,-87.630135447,69,41.779547527,-87.630135447,2,1,top 1
27711,2023-08-23T00:09:00.000,HOMICIDE,41.840798911,-87.608804034,35,41.840798911,-87.608804034,0,NA,ruído
27710,2023-08-22T21:41:00.000,HOMICIDE,41.763254979,-87.5951877,69,41.763254979,-87.5951877,2,1,top 1
27712,2023-08-22T20:09:00.000,HOMICIDE,41.860199469,-87.711584612,29,41.860199469,-87.711584612,1,2,top 2
27709,2023-08-22T11:57:00.000,HOMICIDE,41.814874557,-87.613722091,38,41.814874557,-87.613722091,2,1,top 1
27708,2023-08-21T23:50:00.000,HOMICIDE,41.859926121,-87.71279867,29,41.859926121,-87.71279867,1,2,top 2
27707,2023-08-21T01:28:00.000,HOMICIDE,41.682485933,-87.637229959,53,41.682485933,-87.637229959,2,1,top 1
27706,2023-08-20T23:24:00.000,HOMICIDE,41.874503455,-87.713788588,27,41.874503455,-87.713788588,1,2,top 2
27705,2023-08-20T04:03:00.000,HOMICIDE,41.896712809,-87.637174687,8,41.896712809,-87.637174687,7,4,top 4
27704,2023-08-19T20:42:00.000,HOMICIDE,41.735821248,-87.580546071,48,41.735821248,-87.580546071,2,1,top 1
27703,2023-08-19T17:15:00.000,HOMICIDE,41.912641265,-87.767706357,25,41.912641265,-87.767706357,1,2,top 2
27702,2023-08-19T02:40:00.000,HOMICIDE,41.731274546,-87.649570024,73,41.731274546,-87.649570024,2,1,top 1
27701,2023-08-18T22:27:00.000,HOMICIDE,41.884573974,-87.734840377,26,41.884573974,-87.734840377,1,2,top 2
27700,2023-08-18T20:25:00.000,HOMICIDE,41.81170005,-87.748159806,56,41.81170005,-87.748159806,0,NA,ruído
27867,2023-08-18T06:09:00.000,HOMICIDE,41.909391776,-87.675923778,24,41.909391776,-87.675923778,14,NA,cluster menor
27699,2023-08-17T19:06:00.000,HOMICIDE,41.811634017,-87.667493454,61,41.811634017,-87.667493454,2,1,top 1
27698,2023-08-17T00:45:00.000,HOMICIDE,41.992216267,-87.696128067,2,41.992216267,-87.696128067,15,NA,cluster menor
27697,2023-08-16T23:12:00.000,HOMICIDE,41.879266787,-87.695121636,27,41.879266787,-87.695121636,1,2,top 2
27696,2023-08-16T21:13:00.000,HOMICIDE,41.778838798,-87.653266576,68,41.778838798,-87.653266576,2,1,top 1
27694,2023-08-15T18:54:00.000,HOMICIDE,41.729606703,-87.648305484,73,41.729606703,-87.648305484,2,1,top 1
27693,2023-08-13T21:35:00.000,HOMICIDE,41.790838369,-87.607764449,40,41.790838369,-87.607764449,2,1,top 1
27692,2023-08-13T12:28:00.000,HOMICIDE,41.695277727,-87.626513815,49,41.695277727,-87.626513815,2,1,top 1
27691,2023-08-13T04:04:00.000,HOMICIDE,41.857826775,-87.664404552,31,41.857826775,-87.664404552,4,3,top 3
27690,2023-08-13T02:20:00.000,HOMICIDE,41.870842658,-87.753201483,25,41.870842658,-87.753201483,1,2,top 2
27689,2023-08-11T00:30:00.000,HOMICIDE,41.7363303,-87.62344419,44,41.7363303,-87.62344419,2,1,top 1
27688,2023-08-10T17:34:00.000,HOMICIDE,41.77679823,-87.684795381,66,41.77679823,-87.684795381,2,1,top 1
27687,2023-08-09T15:13:00.000,HOMICIDE,41.752348637,-87.651970406,71,41.752348637,-87.651970406,2,1,top 1
27686,2023-08-09T14:16:00.000,HOMICIDE,41.803863863,-87.687977517,63,41.803863863,-87.687977517,2,1,top 1
27685,2023-08-08T20:36:00.000,HOMICIDE,41.751172608,-87.611725793,44,41.751172608,-87.611725793,2,1,top 1
27684,2023-08-08T07:13:00.000,HOMICIDE,41.764900898,-87.576943938,43,41.764900898,-87.576943938,2,1,top 1
27683,2023-08-07T15:07:00.000,HOMICIDE,41.875997556,-87.694478541,27,41.875997556,-87.694478541,1,2,top 2
27682,2023-08-06T13:44:00.000,HOMICIDE,41.773407549,-87.621506778,69,41.773407549,-87.621506778,2,1,top 1
27681,2023-08-06T13:36:00.000,HOMICIDE,41.764489348,-87.652882968,68,41.764489348,-87.652882968,2,1,top 1
27680,2023-08-06T02:00:00.000,HOMICIDE,41.673004457,-87.661241159,53,41.673004457,-87.661241159,0,NA,ruído
27679,2023-08-06T00:48:00.000,HOMICIDE,41.705940789,-87.538911828,52,41.705940789,-87.538911828,10,10,top 10
27678,2023-08-06T00:34:00.000,HOMICIDE,41.841103444,-87.626852618,35,41.841103444,-87.626852618,5,5,top 5
27677,2023-08-06T00:27:00.000,HOMICIDE,41.924621543,-87.778176196,19,41.924621543,-87.778176196,1,2,top 2
27676,2023-08-05T22:00:00.000,HOMICIDE,41.944620653,-87.76179246,15,41.944620653,-87.76179246,0,NA,ruído
27675,2023-08-04T16:00:00.000,HOMICIDE,41.686837954,-87.614414823,49,41.686837954,-87.614414823,2,1,top 1
27674,2023-08-04T09:45:00.000,HOMICIDE,41.88074915,-87.724006557,26,41.88074915,-87.724006557,1,2,top 2
27880,2023-08-03T13:30:00.000,HOMICIDE,41.789816301,-87.666905223,67,41.789816301,-87.666905223,2,1,top 1
27673,2023-08-02T22:49:00.000,HOMICIDE,41.796026843,-87.646443443,61,41.796026843,-87.646443443,2,1,top 1
27672,2023-08-02T17:07:00.000,HOMICIDE,41.746832751,-87.65524615,71,41.746832751,-87.65524615,2,1,top 1
27671,2023-08-02T09:28:00.000,HOMICIDE,41.876499228,-87.737783467,26,41.876499228,-87.737783467,1,2,top 2
27669,2023-08-02T00:03:00.000,HOMICIDE,41.765718456,-87.614960789,69,41.765718456,-87.614960789,2,1,top 1
27902,2023-08-01T21:30:00.000,HOMICIDE,41.880751096,-87.723855981,26,41.880751096,-87.723855981,1,2,top 2
27668,2023-08-01T20:28:00.000,HOMICIDE,41.796326831,-87.645211693,61,41.796326831,-87.645211693,2,1,top 1
27667,2023-08-01T13:26:00.000,HOMICIDE,41.829651528,-87.614451899,35,41.829651528,-87.614451899,2,1,top 1
27666,2023-07-31T22:33:00.000,HOMICIDE,41.763518065,-87.635530075,68,41.763518065,-87.635530075,2,1,top 1
27670,2023-07-31T15:00:00.000,HOMICIDE,41.852425507,-87.613473854,33,41.852425507,-87.613473854,5,5,top 5
27664,2023-07-31T00:38:00.000,HOMICIDE,41.691667942,-87.62412586,49,41.691667942,-87.62412586,2,1,top 1
27663,2023-07-30T17:39:00.000,HOMICIDE,41.77672742,-87.700641364,66,41.77672742,-87.700641364,2,1,top 1
27662,2023-07-30T02:50:00.000,HOMICIDE,41.998157433,-87.663352593,1,41.998157433,-87.663352593,3,6,top 6
27661,2023-07-30T00:51:00.000,HOMICIDE,41.860132426,-87.729884957,29,41.860132426,-87.729884957,1,2,top 2
27660,2023-07-29T20:17:00.000,HOMICIDE,41.755612548,-87.646596004,71,41.755612548,-87.646596004,2,1,top 1
27658,2023-07-28T23:00:00.000,HOMICIDE,41.847130663,-87.691022211,30,41.847130663,-87.691022211,1,2,top 2
27657,2023-07-28T10:59:00.000,HOMICIDE,41.903776151,-87.720408087,23,41.903776151,-87.720408087,1,2,top 2
27656,2023-07-28T06:37:00.000,HOMICIDE,41.778948601,-87.63182116,68,41.778948601,-87.63182116,2,1,top 1
27655,2023-07-26T16:35:00.000,HOMICIDE,41.736886394,-87.624170849,44,41.736886394,-87.624170849,2,1,top 1
27654,2023-07-26T11:14:00.000,HOMICIDE,41.765994065,-87.661418855,67,41.765994065,-87.661418855,2,1,top 1
27653,2023-07-26T00:55:00.000,HOMICIDE,41.738604322,-87.562387717,46,41.738604322,-87.562387716999993,2,1,top 1
27652,2023-07-25T15:35:00.000,HOMICIDE,41.857992395,-87.727372203,29,41.857992395,-87.727372203,1,2,top 2
27649,2023-07-24T21:43:00.000,HOMICIDE,41.759869483,-87.564372685,43,41.759869483,-87.564372685,2,1,top 1
27647,2023-07-24T11:40:00.000,HOMICIDE,41.752545308,-87.624599541,69,41.752545308,-87.624599541,2,1,top 1
27646,2023-07-23T02:15:00.000,HOMICIDE,41.852418474,-87.702839737,30,41.852418474,-87.702839737,1,2,top 2
27644,2023-07-22T02:19:00.000,HOMICIDE,41.774040135,-87.703025036,66,41.774040135,-87.703025036,2,1,top 1
27642,2023-07-22T01:41:00.000,HOMICIDE,41.885729587,-87.625821329,32,41.885729587,-87.625821329,7,4,top 4
27643,2023-07-22T01:37:00.000,HOMICIDE,41.750191995,-87.664647338,71,41.750191995,-87.664647338,2,1,top 1
27645,2023-07-22T00:39:00.000,HOMICIDE,41.862084411,-87.707979723,29,41.862084411,-87.707979723,1,2,top 2
27641,2023-07-21T22:47:00.000,HOMICIDE,41.746846831,-87.654377518,71,41.746846831,-87.654377518,2,1,top 1
27639,2023-07-21T03:03:00.000,HOMICIDE,41.751391406,-87.661849684,71,41.751391406,-87.661849684,2,1,top 1
27640,2023-07-21T02:07:00.000,HOMICIDE,41.779942145,-87.633188886,68,41.779942145,-87.633188886,2,1,top 1
27638,2023-07-19T19:40:00.000,HOMICIDE,41.717838615,-87.569859054,51,41.717838615,-87.569859054,16,NA,cluster menor
27637,2023-07-19T09:30:00.000,HOMICIDE,41.755978419,-87.621490499,69,41.755978419,-87.621490499,2,1,top 1
27636,2023-07-18T14:31:00.000,HOMICIDE,41.733791676,-87.622534227,44,41.733791676,-87.622534227,2,1,top 1
28724,2023-07-18T06:55:00.000,HOMICIDE,41.739186161,-87.637643898,71,41.739186161,-87.637643898,2,1,top 1
27803,2023-07-18T05:26:00.000,HOMICIDE,41.770604099,-87.618608772,69,41.770604099,-87.618608772,2,1,top 1
27635,2023-07-17T05:53:00.000,HOMICIDE,41.747384439,-87.547961788,46,41.747384439,-87.547961788,2,1,top 1
27633,2023-07-16T02:58:00.000,HOMICIDE,41.882027572,-87.727042341,26,41.882027572,-87.727042341,1,2,top 2
27634,2023-07-16T02:56:00.000,HOMICIDE,41.899635636,-87.696799539,24,41.899635636,-87.696799539,1,2,top 2
27632,2023-07-15T20:47:00.000,HOMICIDE,41.965698183,-87.654790773,3,41.965698183,-87.654790773,17,NA,cluster menor
27631,2023-07-15T18:50:00.000,HOMICIDE,41.802008396,-87.690365424,63,41.802008396,-87.690365424,2,1,top 1
27630,2023-07-14T05:46:00.000,HOMICIDE,41.962039762,-87.646876692,3,41.962039762,-87.646876692,17,NA,cluster menor
27629,2023-07-13T23:29:00.000,HOMICIDE,41.777233355,-87.697340461,66,41.777233355,-87.697340461,2,1,top 1
27665,2023-07-13T21:40:00.000,HOMICIDE,41.765444001,-87.626906181,69,41.765444001,-87.626906181,2,1,top 1
27628,2023-07-13T14:10:00.000,HOMICIDE,41.870495432,-87.725333914,26,41.870495432,-87.725333914,1,2,top 2
27829,2023-07-12T07:19:00.000,HOMICIDE,41.893598425,-87.624221273,8,41.893598425,-87.624221273,7,4,top 4
27626,2023-07-11T20:15:00.000,HOMICIDE,41.881738862,-87.751332935,25,41.881738862,-87.751332935,1,2,top 2
27625,2023-07-11T01:07:00.000,HOMICIDE,41.881800069,-87.746642988,25,41.881800069,-87.746642988,1,2,top 2
27624,2023-07-11T00:21:00.000,HOMICIDE,41.740144024,-87.562409606,46,41.740144024,-87.562409606,2,1,top 1
27623,2023-07-10T23:53:00.000,HOMICIDE,41.765202101,-87.566493662,43,41.765202101,-87.566493662,2,1,top 1
27622,2023-07-10T17:10:00.000,HOMICIDE,41.851558283,-87.723964347,29,41.851558283,-87.723964347,1,2,top 2
27621,2023-07-10T13:30:00.000,HOMICIDE,41.883893852,-87.746627506,25,41.883893852,-87.746627506,1,2,top 2
27620,2023-07-10T03:13:00.000,HOMICIDE,41.727464255,-87.546863661,46,41.727464255,-87.546863661,2,1,top 1
27619,2023-07-09T14:55:00.000,HOMICIDE,41.860159955,-87.710369909,29,41.860159955,-87.710369909,1,2,top 2
27618,2023-07-09T02:39:00.000,HOMICIDE,41.794402207,-87.620317383,40,41.794402207,-87.620317383,2,1,top 1
27617,2023-07-08T22:25:00.000,HOMICIDE,41.909840192,-87.766753855,25,41.909840192,-87.766753855,1,2,top 2
27616,2023-07-08T21:40:00.000,HOMICIDE,41.852905207,-87.627981752,33,41.852905207,-87.627981752,5,5,top 5
27615,2023-07-08T04:15:00.000,HOMICIDE,41.719417537,-87.62618708,49,41.719417537,-87.62618708,2,1,top 1
27614,2023-07-06T10:34:00.000,HOMICIDE,41.883782058,-87.747844062,25,41.883782058,-87.747844062,1,2,top 2
27613,2023-07-05T05:38:00.000,HOMICIDE,41.791803247,-87.658457771,67,41.791803247,-87.658457771,2,1,top 1
27611,2023-07-05T01:18:00.000,HOMICIDE,41.86850295,-87.643700235,28,41.86850295,-87.643700235,4,3,top 3
27612,2023-07-05T00:44:00.000,HOMICIDE,41.87057436,-87.71799741,27,41.87057436,-87.71799741,1,2,top 2
27610,2023-07-04T07:28:00.000,HOMICIDE,41.813077982,-87.669947238,61,41.813077982,-87.669947238,2,1,top 1
27609,2023-07-04T00:51:00.000,HOMICIDE,41.892649581,-87.629682213,8,41.892649581,-87.629682213,7,4,top 4
27608,2023-07-03T17:19:00.000,HOMICIDE,41.808028819,-87.684414463,58,41.808028819,-87.684414463,2,1,top 1
27607,2023-07-03T02:03:00.000,HOMICIDE,41.843815291,-87.715989472,30,41.843815291,-87.715989472,1,2,top 2
27606,2023-07-03T00:44:00.000,HOMICIDE,41.843815291,-87.715989472,30,41.843815291,-87.715989472,1,2,top 2
27604,2023-07-01T20:26:00.000,HOMICIDE,41.795674963,-87.733035078,62,41.795674963,-87.733035078,12,NA,cluster menor
27605,2023-07-01T18:32:00.000,HOMICIDE,41.993149278,-87.692182675,2,41.993149278,-87.692182675,15,NA,cluster menor
27603,2023-06-30T20:16:00.000,HOMICIDE,41.780089135,-87.684883213,66,41.780089135,-87.684883213,2,1,top 1
27602,2023-06-30T20:10:00.000,HOMICIDE,41.791463712,-87.671798308,67,41.791463712,-87.671798308,2,1,top 1
27601,2023-06-30T17:21:00.000,HOMICIDE,41.765995665,-87.662632144,67,41.765995665,-87.662632144,2,1,top 1
27600,2023-06-29T19:40:00.000,HOMICIDE,41.773168477,-87.634868256,68,41.773168477,-87.634868256,2,1,top 1
27598,2023-06-29T16:39:00.000,HOMICIDE,41.772074324,-87.674017498,67,41.772074324,-87.674017498,2,1,top 1
27597,2023-06-29T07:00:00.000,HOMICIDE,41.803553993,-87.735701327,57,41.803553993,-87.735701327,12,NA,cluster menor
27599,2023-06-29T05:32:00.000,HOMICIDE,41.874318463,-87.728506804,26,41.874318463,-87.728506804,1,2,top 2
27651,2023-06-29T01:00:00.000,HOMICIDE,41.880924262,-87.771816207,25,41.880924262,-87.771816207,1,2,top 2
27595,2023-06-28T23:04:00.000,HOMICIDE,41.947607802,-87.707846683,16,41.947607802,-87.707846683,0,NA,ruído
27591,2023-06-28T00:00:00.000,HOMICIDE,41.815875852,-87.606689538,39,41.815875852,-87.606689538,2,1,top 1
27593,2023-06-27T20:20:00.000,HOMICIDE,41.786757093,-87.663717493,67,41.786757093,-87.663717493,2,1,top 1
27592,2023-06-27T20:17:00.000,HOMICIDE,41.786757093,-87.663717493,67,41.786757093,-87.663717493,2,1,top 1
27590,2023-06-27T13:48:00.000,HOMICIDE,41.860636654,-87.729226781,29,41.860636654,-87.729226781,1,2,top 2
27589,2023-06-26T13:51:00.000,HOMICIDE,41.761023261,-87.557607458,43,41.761023261,-87.557607458,2,1,top 1
27596,2023-06-26T08:00:00.000,HOMICIDE,41.881088655,-87.720764494,26,41.881088655,-87.720764494,1,2,top 2
27587,2023-06-25T22:09:00.000,HOMICIDE,41.899998054,-87.72622589,23,41.899998054,-87.72622589,1,2,top 2
27586,2023-06-25T21:13:00.000,HOMICIDE,41.869355188,-87.660612899,28,41.869355188,-87.660612899,4,3,top 3
27585,2023-06-25T20:45:00.000,HOMICIDE,41.733782992,-87.613206443,44,41.733782992,-87.613206443,2,1,top 1
27584,2023-06-25T16:45:00.000,HOMICIDE,41.848104242,-87.695339712,30,41.848104242,-87.695339712,1,2,top 2
27583,2023-06-25T12:40:00.000,HOMICIDE,41.96357384,-87.705874165,14,41.96357384,-87.705874165,6,9,top 9
27742,2023-06-24T01:23:00.000,HOMICIDE,41.876581674,-87.760463999,25,41.876581674,-87.760463999,1,2,top 2
27581,2023-06-23T20:25:00.000,HOMICIDE,41.807689558,-87.658866931,61,41.807689558,-87.658866931,2,1,top 1
27594,2023-06-23T19:35:00.000,HOMICIDE,41.864358624,-87.650966,28,41.864358624,-87.650966,4,3,top 3
27582,2023-06-23T18:43:00.000,HOMICIDE,41.871939836,-87.699119496,27,41.871939836,-87.699119496,1,2,top 2
27580,2023-06-23T16:13:00.000,HOMICIDE,41.761737932,-87.570071948,43,41.761737932,-87.570071948,2,1,top 1
13116982,2023-06-23T04:44:00.000,HOMICIDE,41.785930664,-87.723266186,65,41.785930664,-87.723266186,2,1,top 1
27579,2023-06-22T16:44:00.000,HOMICIDE,41.901878705,-87.720187467,23,41.901878705,-87.720187467,1,2,top 2
27578,2023-06-22T15:28:00.000,HOMICIDE,41.883316797,-87.72953832,26,41.883316797,-87.72953832,1,2,top 2
27577,2023-06-20T12:42:00.000,HOMICIDE,41.876223731,-87.721912515,26,41.876223731,-87.721912515,1,2,top 2
27576,2023-06-20T12:10:00.000,HOMICIDE,41.878645567,-87.710935821,27,41.878645567,-87.710935821,1,2,top 2
27575,2023-06-19T19:02:00.000,HOMICIDE,41.884494361,-87.741719427,25,41.884494361,-87.741719427,1,2,top 2
27574,2023-06-19T15:13:00.000,HOMICIDE,41.749821552,-87.705512108,70,41.749821552,-87.705512108,13,NA,cluster menor
27573,2023-06-19T07:45:00.000,HOMICIDE,41.876043968,-87.736252854,26,41.876043968,-87.736252854,1,2,top 2
27572,2023-06-18T23:24:00.000,HOMICIDE,41.681702629,-87.642037691,53,41.681702629,-87.642037691,2,1,top 1
27571,2023-06-18T22:06:00.000,HOMICIDE,41.74257073,-87.641418175,71,41.74257073,-87.641418175,2,1,top 1
27570,2023-06-18T20:31:00.000,HOMICIDE,41.713834218,-87.630885143,49,41.713834218,-87.630885143,2,1,top 1
27569,2023-06-18T20:11:00.000,HOMICIDE,41.713834218,-87.630885143,49,41.713834218,-87.630885143,2,1,top 1
27568,2023-06-18T08:05:00.000,HOMICIDE,41.77424189,-87.607049687,42,41.77424189,-87.607049687,2,1,top 1
27567,2023-06-18T03:38:00.000,HOMICIDE,41.903082025,-87.762501018,25,41.903082025,-87.762501018,1,2,top 2
27566,2023-06-17T17:45:00.000,HOMICIDE,41.878645567,-87.710935821,27,41.878645567,-87.710935821,1,2,top 2
27565,2023-06-17T05:16:00.000,HOMICIDE,41.748944055,-87.605172793,44,41.748944055,-87.605172793,2,1,top 1
27564,2023-06-17T00:53:00.000,HOMICIDE,41.748512139,-87.665060546,71,41.748512139,-87.665060546,2,1,top 1
27563,2023-06-16T19:06:00.000,HOMICIDE,41.876192545,-87.724306873,26,41.876192545,-87.724306873,1,2,top 2
27562,2023-06-16T15:51:00.000,HOMICIDE,41.926023056,-87.751955868,19,41.926023056,-87.751955868,1,2,top 2
27561,2023-06-14T18:59:00.000,HOMICIDE,41.756330877,-87.602879293,69,41.756330877,-87.602879293,2,1,top 1
27560,2023-06-13T01:57:00.000,HOMICIDE,41.850819964,-87.731227775,29,41.850819964,-87.731227775,1,2,top 2
27559,2023-06-12T12:05:00.000,HOMICIDE,41.868876048,-87.719607108,29,41.868876048,-87.719607108,1,2,top 2
27558,2023-06-11T18:30:00.000,HOMICIDE,41.854811552,-87.712425987,29,41.854811552,-87.712425987,1,2,top 2
27557,2023-06-11T08:46:00.000,HOMICIDE,41.765349484,-87.701625561,66,41.765349484,-87.701625561,2,1,top 1
27556,2023-06-11T01:28:00.000,HOMICIDE,41.902730408,-87.719345458,23,41.902730408,-87.719345458,1,2,top 2
27555,2023-06-10T03:00:00.000,HOMICIDE,41.876747617,-87.688742906,28,41.876747617,-87.688742906,1,2,top 2
27554,2023-06-09T02:16:00.000,HOMICIDE,41.878284697,-87.749337338,25,41.878284697,-87.749337338,1,2,top 2
27552,2023-06-09T00:25:00.000,HOMICIDE,41.755858468,-87.610192647,69,41.755858468,-87.610192647,2,1,top 1
27551,2023-06-08T05:45:00.000,HOMICIDE,41.870932257,-87.744921277,25,41.870932257,-87.744921277,1,2,top 2
27550,2023-06-07T18:00:00.000,HOMICIDE,41.797995188,-87.67755497,61,41.797995188,-87.67755497,2,1,top 1
27549,2023-06-06T17:32:00.000,HOMICIDE,41.671851221,-87.645367766,53,41.671851221,-87.645367766,2,1,top 1
27548,2023-06-06T01:05:00.000,HOMICIDE,41.801749466,-87.591837648,41,41.801749466,-87.591837648,0,NA,ruído
27547,2023-06-05T21:15:00.000,HOMICIDE,41.918494462,-87.711911917,22,41.918494462,-87.711911917,1,2,top 2
27546,2023-06-05T03:23:00.000,HOMICIDE,41.81318639,-87.605377354,39,41.81318639,-87.605377354,2,1,top 1
27650,2023-06-04T07:00:00.000,HOMICIDE,41.805025119,-87.660314315,61,41.805025119,-87.660314315,2,1,top 1
27545,2023-06-04T04:41:00.000,HOMICIDE,41.864643723,-87.658812004,28,41.864643723,-87.658812004,4,3,top 3
27544,2023-06-04T01:48:00.000,HOMICIDE,41.895019138,-87.619662129,8,41.895019138,-87.619662129,7,4,top 4
27541,2023-06-04T01:16:00.000,HOMICIDE,41.743445022,-87.60137277,44,41.743445022,-87.60137277,2,1,top 1
27543,2023-06-04T01:12:00.000,HOMICIDE,41.896824393,-87.746560591,25,41.896824393,-87.746560591,1,2,top 2
27542,2023-06-03T22:40:00.000,HOMICIDE,41.891739422,-87.72186006,23,41.891739422,-87.72186006,1,2,top 2
27540,2023-06-03T12:14:00.000,HOMICIDE,41.764300545,-87.645601659,68,41.764300545,-87.645601659,2,1,top 1
27539,2023-06-03T07:35:00.000,HOMICIDE,41.768513888,-87.667169734,67,41.768513888,-87.667169734,2,1,top 1
27538,2023-06-03T04:31:00.000,HOMICIDE,41.865522673,-87.722715696,29,41.865522673,-87.722715696,1,2,top 2
27537,2023-06-03T02:48:00.000,HOMICIDE,41.895945769,-87.746469463,25,41.895945769,-87.746469463,1,2,top 2
27535,2023-06-02T12:04:00.000,HOMICIDE,41.766025213,-87.644435915,68,41.766025213,-87.644435915,2,1,top 1
27536,2023-06-02T11:55:00.000,HOMICIDE,41.877756484,-87.720642095,26,41.877756484,-87.720642095,1,2,top 2
27534,2023-06-02T03:35:00.000,HOMICIDE,41.878586538,-87.746103221,25,41.878586538,-87.746103221,1,2,top 2
27533,2023-06-01T21:44:00.000,HOMICIDE,41.817547632,-87.632386897,37,41.817547632,-87.632386897,2,1,top 1
27532,2023-05-31T19:05:00.000,HOMICIDE,41.894282051,-87.71140108,23,41.894282051,-87.71140108,1,2,top 2
27531,2023-05-31T18:13:00.000,HOMICIDE,41.894282051,-87.71140108,23,41.894282051,-87.71140108,1,2,top 2
27527,2023-05-28T02:49:00.000,HOMICIDE,41.869052349,-87.728527075,26,41.869052349,-87.728527075,1,2,top 2
27526,2023-05-28T00:56:00.000,HOMICIDE,41.703212621,-87.648900643,73,41.703212621,-87.648900643,11,8,top 8
27525,2023-05-27T23:13:00.000,HOMICIDE,41.773017577,-87.61265777,42,41.773017577,-87.61265777,2,1,top 1
27524,2023-05-27T22:30:00.000,HOMICIDE,41.716769577,-87.536492917,52,41.716769577,-87.536492917,10,10,top 10
27523,2023-05-27T13:33:00.000,HOMICIDE,41.749880266,-87.663426578,71,41.749880266,-87.663426578,2,1,top 1
27522,2023-05-27T11:55:00.000,HOMICIDE,41.781184105,-87.615649806,40,41.781184105,-87.615649806,2,1,top 1
27521,2023-05-27T11:40:00.000,HOMICIDE,41.901782642,-87.720184712,23,41.901782642,-87.720184712,1,2,top 2
27520,2023-05-27T03:45:00.000,HOMICIDE,41.84743829,-87.709997866,30,41.84743829,-87.709997866,1,2,top 2
27518,2023-05-27T03:17:00.000,HOMICIDE,41.857591393,-87.682181032,31,41.857591393,-87.682181032,1,2,top 2
27516,2023-05-27T02:51:00.000,HOMICIDE,41.9342691,-87.643341339,6,41.9342691,-87.643341339,0,NA,ruído
27517,2023-05-27T01:07:00.000,HOMICIDE,41.75203685,-87.674742989,71,41.75203685,-87.674742989,2,1,top 1
27519,2023-05-27T00:05:00.000,HOMICIDE,41.893869443,-87.768573535,25,41.893869443,-87.768573535,1,2,top 2
27515,2023-05-24T11:58:00.000,HOMICIDE,41.784509877,-87.646119056,68,41.784509877,-87.646119056,2,1,top 1
27513,2023-05-23T16:10:00.000,HOMICIDE,41.991335662,-87.656850699,77,41.991335662,-87.656850699,3,6,top 6
27895,2023-05-23T10:24:00.000,HOMICIDE,41.967612061,-87.778086234,15,41.967612061,-87.778086234,0,NA,ruído
27512,2023-05-22T23:07:00.000,HOMICIDE,41.70433465,-87.631094752,49,41.70433465,-87.631094752,2,1,top 1
27511,2023-05-22T19:40:00.000,HOMICIDE,41.793119057,-87.786716349,56,41.793119057,-87.786716349,0,NA,ruído
27510,2023-05-22T17:39:00.000,HOMICIDE,41.899195317,-87.766759805,25,41.899195317,-87.766759805,1,2,top 2
27509,2023-05-20T02:53:00.000,HOMICIDE,41.91739557,-87.726568067,20,41.91739557,-87.726568067,1,2,top 2
27506,2023-05-19T18:34:00.000,HOMICIDE,41.654363697,-87.603886182,54,41.654363697,-87.603886182,8,7,top 7
27507,2023-05-19T14:27:00.000,HOMICIDE,41.768885085,-87.620200454,69,41.768885085,-87.620200454,2,1,top 1
27505,2023-05-18T19:20:00.000,HOMICIDE,41.797615741,-87.631903671,37,41.797615741,-87.631903671,2,1,top 1
27503,2023-05-17T23:50:00.000,HOMICIDE,41.888890056,-87.761650471,25,41.888890056,-87.761650471,1,2,top 2
27502,2023-05-17T18:25:00.000,HOMICIDE,41.690869001,-87.540107818,52,41.690869001,-87.540107818,0,NA,ruído
27501,2023-05-17T15:11:00.000,HOMICIDE,41.763140192,-87.610367468,69,41.763140192,-87.610367468,2,1,top 1
27500,2023-05-17T12:24:00.000,HOMICIDE,41.72214865,-87.597852536,47,41.72214865,-87.597852536,2,1,top 1
27498,2023-05-16T18:50:00.000,HOMICIDE,41.880528932,-87.702034691,27,41.880528932,-87.702034691,1,2,top 2
27499,2023-05-16T18:26:00.000,HOMICIDE,41.966983045,-87.718210408,14,41.966983045,-87.718210408,6,9,top 9
27497,2023-05-16T17:00:00.000,HOMICIDE,41.784444922,-87.666766519,67,41.784444922,-87.666766519,2,1,top 1
27508,2023-05-16T07:43:00.000,HOMICIDE,41.863465148,-87.652084184,28,41.863465148,-87.652084184,4,3,top 3
27496,2023-05-16T00:35:00.000,HOMICIDE,41.94858793,-87.742645368,15,41.94858793,-87.742645368,0,NA,ruído
27494,2023-05-15T21:37:00.000,HOMICIDE,41.781222523,-87.615649378,40,41.781222523,-87.615649378,2,1,top 1
27493,2023-05-14T20:31:00.000,HOMICIDE,41.669624341,-87.639231527,53,41.669624341,-87.639231527,2,1,top 1
27492,2023-05-14T19:37:00.000,HOMICIDE,41.910446632,-87.753552071,25,41.910446632,-87.753552071,1,2,top 2
27491,2023-05-14T16:53:00.000,HOMICIDE,41.751004623,-87.558944779,46,41.751004623,-87.558944779,2,1,top 1
27489,2023-05-13T23:17:00.000,HOMICIDE,41.868042856,-87.720833983,29,41.868042856,-87.720833983,1,2,top 2
27488,2023-05-13T21:00:00.000,HOMICIDE,41.733571929,-87.631879156,49,41.733571929,-87.631879156,2,1,top 1
27487,2023-05-13T18:26:00.000,HOMICIDE,41.777838294,-87.615566126,69,41.777838294,-87.615566126,2,1,top 1
27486,2023-05-13T03:19:00.000,HOMICIDE,41.843922218,-87.6269207,35,41.843922218,-87.6269207,5,5,top 5
27485,2023-05-13T02:25:00.000,HOMICIDE,41.771562545,-87.653075829,68,41.771562545,-87.653075829,2,1,top 1
27483,2023-05-12T19:55:00.000,HOMICIDE,41.798854681,-87.645272669,61,41.798854681,-87.645272669,2,1,top 1
27482,2023-05-12T17:03:00.000,HOMICIDE,41.675493934,-87.634611227,53,41.675493934,-87.634611227,2,1,top 1
27490,2023-05-12T16:46:00.000,HOMICIDE,41.997742229,-87.689094166,2,41.997742229,-87.689094166,15,NA,cluster menor
27481,2023-05-12T13:18:00.000,HOMICIDE,41.868004983,-87.724032136,29,41.868004983,-87.724032136,1,2,top 2
27480,2023-05-12T05:24:00.000,HOMICIDE,41.740396794,-87.551487537,46,41.740396794,-87.551487537,2,1,top 1
27478,2023-05-12T01:20:00.000,HOMICIDE,41.778429339,-87.673882748,67,41.778429339,-87.673882748,2,1,top 1
27475,2023-05-11T19:43:00.000,HOMICIDE,41.863453179,-87.722654622,29,41.863453179,-87.722654622,1,2,top 2
27477,2023-05-11T18:06:00.000,HOMICIDE,41.782538127,-87.641322308,68,41.782538127,-87.641322308,2,1,top 1
27476,2023-05-11T18:00:00.000,HOMICIDE,41.782538127,-87.641322308,68,41.782538127,-87.641322308,2,1,top 1
27484,2023-05-11T14:19:00.000,HOMICIDE,41.766493357,-87.649298827,68,41.766493357,-87.649298827,2,1,top 1
27473,2023-05-11T07:03:00.000,HOMICIDE,41.824911748,-87.609140948,36,41.824911748,-87.609140948,2,1,top 1
27474,2023-05-11T06:30:00.000,HOMICIDE,41.783498306,-87.609647494,42,41.783498306,-87.609647494,2,1,top 1
27472,2023-05-09T23:43:00.000,HOMICIDE,41.679046605,-87.633503893,53,41.679046605,-87.633503893,2,1,top 1
27470,2023-05-09T23:17:00.000,HOMICIDE,41.904041981,-87.757448794,25,41.904041981,-87.757448794,1,2,top 2
27471,2023-05-09T22:05:00.000,HOMICIDE,41.766102387,-87.573539169,43,41.766102387,-87.573539169,2,1,top 1
27469,2023-05-09T17:33:00.000,HOMICIDE,41.876108306,-87.684860827,28,41.876108306,-87.684860827,1,2,top 2
27468,2023-05-09T13:12:00.000,HOMICIDE,41.763041071,-87.576232702,43,41.763041071,-87.576232702,2,1,top 1
28708,2023-05-09T12:28:00.000,HOMICIDE,41.819293753,-87.693652048,58,41.819293753,-87.693652048,2,1,top 1
27467,2023-05-08T09:57:00.000,HOMICIDE,41.74871453,-87.608803328,44,41.74871453,-87.608803328,2,1,top 1
27466,2023-05-07T16:20:00.000,HOMICIDE,41.88514448,-87.713571949,27,41.88514448,-87.713571949,1,2,top 2
27465,2023-05-06T02:55:00.000,HOMICIDE,41.746837554,-87.588226393,45,41.746837554,-87.588226393,2,1,top 1
27462,2023-05-05T21:48:00.000,HOMICIDE,41.784385164,-87.650978661,68,41.784385164,-87.650978661,2,1,top 1
27463,2023-05-05T21:35:00.000,HOMICIDE,41.765997125,-87.66382344,67,41.765997125,-87.66382344,2,1,top 1
27461,2023-05-01T09:00:00.000,HOMICIDE,42.011404473,-87.674881711,1,42.011404473,-87.674881711,3,6,top 6
27460,2023-04-30T22:55:00.000,HOMICIDE,41.782362938,-87.594249952,42,41.782362938,-87.594249952,2,1,top 1
27459,2023-04-30T16:32:00.000,HOMICIDE,41.784288355,-87.648545055,68,41.784288355,-87.648545055,2,1,top 1
27458,2023-04-30T13:32:00.000,HOMICIDE,41.688911126,-87.626554221,49,41.688911126,-87.626554221,2,1,top 1
27457,2023-04-30T10:13:00.000,HOMICIDE,41.824933076,-87.623104662,35,41.824933076,-87.623104662,2,1,top 1
27456,2023-04-29T12:49:00.000,HOMICIDE,41.878461088,-87.756000418,25,41.878461088,-87.756000418,1,2,top 2
27455,2023-04-29T01:07:00.000,HOMICIDE,41.888659061,-87.749015157,25,41.888659061,-87.749015157,1,2,top 2
27659,2023-04-29T00:44:00.000,HOMICIDE,41.749636955,-87.708903706,70,41.749636955,-87.708903706,13,NA,cluster menor
27454,2023-04-27T16:11:00.000,HOMICIDE,41.856083523,-87.627164967,33,41.856083523,-87.627164967,5,5,top 5
27453,2023-04-26T13:19:00.000,HOMICIDE,41.967020559,-87.745269705,16,41.967020559,-87.745269705,0,NA,ruído
27452,2023-04-25T08:10:00.000,HOMICIDE,41.81811276,-87.60674129,38,41.81811276,-87.60674129,2,1,top 1
27451,2023-04-24T23:15:00.000,HOMICIDE,41.76015578,-87.556752911,43,41.76015578,-87.556752911,2,1,top 1
27449,2023-04-24T06:35:00.000,HOMICIDE,41.724604999,-87.634826682,73,41.724604999,-87.634826682,2,1,top 1
27450,2023-04-24T05:12:00.000,HOMICIDE,41.979768334,-87.748138816,12,41.979768334,-87.748138816,0,NA,ruído
27817,2023-04-22T14:37:00.000,HOMICIDE,41.767425113,-87.56981026,43,41.767425113,-87.56981026,2,1,top 1
27448,2023-04-22T02:16:00.000,HOMICIDE,41.7330773,-87.547000358,46,41.7330773,-87.547000358,2,1,top 1
13049953,2023-04-21T22:50:00.000,HOMICIDE,41.944026318,-87.640405813,6,41.944026318,-87.640405813,0,NA,ruído
27447,2023-04-21T14:14:00.000,HOMICIDE,41.754424418,-87.634785654,69,41.754424418,-87.634785654,2,1,top 1
27446,2023-04-20T17:05:00.000,HOMICIDE,41.864074754,-87.705603433,29,41.864074754,-87.705603433,1,2,top 2
27444,2023-04-20T15:09:00.000,HOMICIDE,41.749887488,-87.568336044,46,41.749887488,-87.568336044,2,1,top 1
27443,2023-04-18T15:09:00.000,HOMICIDE,41.89888484,-87.734243948,23,41.89888484,-87.734243948,1,2,top 2
27445,2023-04-17T18:29:00.000,HOMICIDE,41.90982557,-87.736246746,23,41.90982557,-87.736246746,1,2,top 2
27442,2023-04-17T14:32:00.000,HOMICIDE,41.880887079,-87.758751048,25,41.880887079,-87.758751048,1,2,top 2
27441,2023-04-17T12:21:00.000,HOMICIDE,41.805041362,-87.618042768,38,41.805041362,-87.618042768,2,1,top 1
27528,2023-04-17T03:08:00.000,HOMICIDE,41.800865552,-87.622622313,40,41.800865552,-87.622622313,2,1,top 1
13046198,2023-04-16T17:04:00.000,HOMICIDE,41.881921503,-87.736128367,26,41.881921503,-87.736128367,1,2,top 2
27440,2023-04-16T16:30:00.000,HOMICIDE,41.86983044,-87.723614607,26,41.86983044,-87.723614607,1,2,top 2
27438,2023-04-16T06:19:00.000,HOMICIDE,41.743642712,-87.569762302,46,41.743642712,-87.569762302,2,1,top 1
27439,2023-04-16T02:38:00.000,HOMICIDE,41.743642712,-87.569762302,46,41.743642712,-87.569762302,2,1,top 1
27437,2023-04-15T23:52:00.000,HOMICIDE,41.800656635,-87.646474686,61,41.800656635,-87.646474686,2,1,top 1
27436,2023-04-15T22:06:00.000,HOMICIDE,41.657680258,-87.605404012,54,41.657680258,-87.605404012,8,7,top 7
27435,2023-04-15T07:35:00.000,HOMICIDE,41.890718131,-87.74811127,25,41.890718131,-87.74811127,1,2,top 2
27434,2023-04-15T03:10:00.000,HOMICIDE,41.878418945,-87.68973591,28,41.878418945,-87.68973591,1,2,top 2
27433,2023-04-15T03:06:00.000,HOMICIDE,41.826203529,-87.62485908,35,41.826203529,-87.62485908,2,1,top 1
27432,2023-04-14T20:55:00.000,HOMICIDE,41.880279749,-87.762432269,25,41.880279749,-87.762432269,1,2,top 2
27430,2023-04-14T17:27:00.000,HOMICIDE,41.717440821,-87.567816253,51,41.717440821,-87.567816253,16,NA,cluster menor
27431,2023-04-14T13:33:00.000,HOMICIDE,41.75984866,-87.590828475,43,41.75984866,-87.590828475,2,1,top 1
27429,2023-04-14T10:39:00.000,HOMICIDE,41.772433165,-87.611802816,42,41.772433165,-87.611802816,2,1,top 1
27427,2023-04-13T21:43:00.000,HOMICIDE,41.845524863,-87.703835964,30,41.845524863,-87.703835964,1,2,top 2
27428,2023-04-13T21:42:00.000,HOMICIDE,41.773478919,-87.621509655,69,41.773478919,-87.621509655,2,1,top 1
27426,2023-04-13T16:44:00.000,HOMICIDE,41.791518298,-87.6548084,67,41.791518298,-87.6548084,2,1,top 1
27425,2023-04-12T13:30:00.000,HOMICIDE,41.737812718,-87.649313812,71,41.737812718,-87.649313812,2,1,top 1
27424,2023-04-12T03:43:00.000,HOMICIDE,41.79102539,-87.624978891,40,41.79102539,-87.624978891,2,1,top 1
27423,2023-04-11T17:31:00.000,HOMICIDE,41.774006303,-87.664521019,67,41.774006303,-87.664521019,2,1,top 1
27422,2023-04-10T22:47:00.000,HOMICIDE,41.679144468,-87.631101453,53,41.679144468,-87.631101453,2,1,top 1
27421,2023-04-10T17:30:00.000,HOMICIDE,41.754592961,-87.741528537,65,41.754592961,-87.741528537,0,NA,ruído
27420,2023-04-09T01:20:00.000,HOMICIDE,41.700872612,-87.646292571,73,41.700872612,-87.646292571,11,8,top 8
27418,2023-04-08T20:37:00.000,HOMICIDE,41.76598796,-87.62655565,69,41.76598796,-87.62655565,2,1,top 1
27417,2023-04-07T20:15:00.000,HOMICIDE,41.938193738,-87.793557786,18,41.938193738,-87.793557786,0,NA,ruído
27416,2023-04-07T17:23:00.000,HOMICIDE,41.88322748,-87.737129753,26,41.88322748,-87.737129753,1,2,top 2
27419,2023-04-07T15:45:00.000,HOMICIDE,41.875198745,-87.73099901,26,41.875198745,-87.73099901,1,2,top 2
27415,2023-04-07T13:48:00.000,HOMICIDE,41.88322748,-87.737129753,26,41.88322748,-87.737129753,1,2,top 2
27414,2023-04-07T10:18:00.000,HOMICIDE,41.894613608,-87.713847704,23,41.894613608,-87.713847704,1,2,top 2
27413,2023-04-07T01:08:00.000,HOMICIDE,41.753418465,-87.660274657,71,41.753418465,-87.660274657,2,1,top 1
27412,2023-04-04T22:10:00.000,HOMICIDE,41.793365317,-87.641484559,68,41.793365317,-87.641484559,2,1,top 1
27410,2023-04-02T22:51:00.000,HOMICIDE,41.750857878,-87.602743451,44,41.750857878,-87.602743451,2,1,top 1
27411,2023-04-02T18:50:00.000,HOMICIDE,41.897694011,-87.721266986,23,41.897694011,-87.721266986,1,2,top 2
28582,2023-04-02T00:00:00.000,HOMICIDE,41.902680701,-87.72547682,23,41.902680701,-87.72547682,1,2,top 2
27409,2023-04-01T23:51:00.000,HOMICIDE,41.867287894,-87.702029138,29,41.867287894,-87.702029138,1,2,top 2
27408,2023-04-01T01:39:00.000,HOMICIDE,41.872559006,-87.723761244,26,41.872559006,-87.723761244,1,2,top 2
27407,2023-03-31T23:32:00.000,HOMICIDE,41.884542766,-87.679781153,28,41.884542766,-87.679781153,1,2,top 2
27406,2023-03-31T10:43:00.000,HOMICIDE,41.880751096,-87.723855981,26,41.880751096,-87.723855981,1,2,top 2
27405,2023-03-30T00:52:00.000,HOMICIDE,41.77834679,-87.700684107,66,41.77834679,-87.700684107,2,1,top 1
27404,2023-03-29T17:47:00.000,HOMICIDE,41.880487595,-87.745964635,25,41.880487595,-87.745964635000007,1,2,top 2
27403,2023-03-29T01:32:00.000,HOMICIDE,41.750277851,-87.634346874,44,41.750277851,-87.634346874,2,1,top 1
27399,2023-03-27T14:52:00.000,HOMICIDE,41.854690791,-87.712423484,29,41.854690791,-87.712423484,1,2,top 2
27398,2023-03-26T06:57:00.000,HOMICIDE,41.881025248,-87.701464295,27,41.881025248,-87.701464295,1,2,top 2
27397,2023-03-26T02:10:00.000,HOMICIDE,41.851074338,-87.706449961,30,41.851074338,-87.706449961,1,2,top 2
27553,2023-03-25T04:38:00.000,HOMICIDE,41.875588919,-87.632421308,32,41.875588919,-87.632421308,7,4,top 4
27396,2023-03-24T15:32:00.000,HOMICIDE,41.808534265,-87.622816324,38,41.808534265,-87.622816324,2,1,top 1
27395,2023-03-24T09:08:00.000,HOMICIDE,41.902202935,-87.760110141,25,41.902202935,-87.760110141,1,2,top 2
13017601,2023-03-21T19:52:00.000,HOMICIDE,41.990320609,-87.714288952,13,41.990320609,-87.714288952,0,NA,ruído
27394,2023-03-21T03:38:00.000,HOMICIDE,42.02059812,-87.666436575,1,42.02059812,-87.666436575,3,6,top 6
27392,2023-03-20T00:44:00.000,HOMICIDE,41.765718181,-87.614916805,69,41.765718181,-87.614916804999993,2,1,top 1
27514,2023-03-20T00:33:00.000,HOMICIDE,41.765718181,-87.614916805,69,41.765718181,-87.614916804999993,2,1,top 1
27389,2023-03-17T23:31:00.000,HOMICIDE,41.899052106,-87.765545247,25,41.899052106,-87.765545247,1,2,top 2
27388,2023-03-17T22:56:00.000,HOMICIDE,41.885682423,-87.713585112,27,41.885682423,-87.713585112,1,2,top 2
27387,2023-03-16T21:17:00.000,HOMICIDE,41.876581037,-87.745137513,25,41.876581037,-87.745137513,1,2,top 2
27386,2023-03-16T14:25:00.000,HOMICIDE,41.751418185,-87.592530796,45,41.751418185,-87.592530796,2,1,top 1
27384,2023-03-15T17:58:00.000,HOMICIDE,41.740964558,-87.634041165,44,41.740964558,-87.634041165,2,1,top 1
27383,2023-03-14T14:33:00.000,HOMICIDE,41.76492296,-87.612825339,69,41.76492296,-87.612825339,2,1,top 1
27382,2023-03-13T18:40:00.000,HOMICIDE,41.734696692,-87.613181581,44,41.734696692,-87.613181581,2,1,top 1
27381,2023-03-13T12:38:00.000,HOMICIDE,41.787901896,-87.683869446,63,41.787901896,-87.683869446,2,1,top 1
27390,2023-03-11T13:41:00.000,HOMICIDE,41.812505323,-87.604434996,39,41.812505323,-87.604434996,2,1,top 1
27380,2023-03-11T03:39:00.000,HOMICIDE,41.879202837,-87.626113652,32,41.879202837,-87.626113652,7,4,top 4
27379,2023-03-07T17:28:00.000,HOMICIDE,41.756394869,-87.562684274,43,41.756394869,-87.562684274,2,1,top 1
27378,2023-03-07T10:05:00.000,HOMICIDE,41.836743721,-87.654767576,60,41.836743721,-87.654767576,0,NA,ruído
27377,2023-03-07T07:45:00.000,HOMICIDE,41.871477389,-87.718029137,27,41.871477389,-87.718029137,1,2,top 2
27375,2023-03-06T16:30:00.000,HOMICIDE,41.654257917,-87.596766521,54,41.654257917,-87.596766521,8,7,top 7
27374,2023-03-06T13:41:00.000,HOMICIDE,41.925048935,-87.756870401,19,41.925048935,-87.756870401,1,2,top 2
27372,2023-03-05T22:01:00.000,HOMICIDE,41.746784577,-87.602624733,44,41.746784577,-87.602624733,2,1,top 1
27373,2023-03-05T16:27:00.000,HOMICIDE,41.869034233,-87.682057576,28,41.869034233,-87.682057576,1,2,top 2
27371,2023-03-05T13:34:00.000,HOMICIDE,41.765090867,-87.616855532,69,41.765090867,-87.616855532,2,1,top 1
27370,2023-03-04T18:18:00.000,HOMICIDE,41.771521464,-87.683429837,66,41.771521464,-87.683429837,2,1,top 1
27369,2023-03-04T13:06:00.000,HOMICIDE,41.786929721,-87.651542029,68,41.786929721,-87.651542029,2,1,top 1
27368,2023-03-02T11:06:00.000,HOMICIDE,41.875198745,-87.73099901,26,41.875198745,-87.73099901,1,2,top 2
27367,2023-03-01T17:28:00.000,HOMICIDE,41.798355158,-87.706142519,63,41.798355158,-87.706142519,0,NA,ruído
28574,2023-03-01T04:23:00.000,HOMICIDE,41.963892062,-87.714449255,14,41.963892062,-87.714449255,6,9,top 9
27366,2023-02-28T22:30:00.000,HOMICIDE,41.907576069,-87.765061944,25,41.907576069,-87.765061944,1,2,top 2
27365,2023-02-28T10:50:00.000,HOMICIDE,41.768428365,-87.674707328,67,41.768428365,-87.674707328,2,1,top 1
27364,2023-02-28T09:59:00.000,HOMICIDE,41.784993793,-87.620597636,40,41.784993793,-87.620597636,2,1,top 1
27363,2023-02-27T23:15:00.000,HOMICIDE,41.749502746,-87.601106068,44,41.749502746,-87.601106068000007,2,1,top 1
27362,2023-02-27T23:15:00.000,HOMICIDE,41.749502746,-87.601106068,44,41.749502746,-87.601106068000007,2,1,top 1
27361,2023-02-27T16:12:00.000,HOMICIDE,41.763041071,-87.576232702,43,41.763041071,-87.576232702,2,1,top 1
27360,2023-02-26T02:33:00.000,HOMICIDE,41.857421603,-87.693474118,29,41.857421603,-87.693474118,1,2,top 2
27359,2023-02-25T23:24:00.000,HOMICIDE,41.749783691,-87.707626984,70,41.749783691,-87.707626984,13,NA,cluster menor
27358,2023-02-25T02:55:00.000,HOMICIDE,41.765316099,-87.611625977,69,41.765316099,-87.611625977,2,1,top 1
27356,2023-02-22T02:55:00.000,HOMICIDE,41.847496508,-87.713656519,30,41.847496508,-87.713656519,1,2,top 2
27354,2023-02-21T22:16:00.000,HOMICIDE,41.782332906,-87.683723989,66,41.782332906,-87.683723989,2,1,top 1
27353,2023-02-20T22:05:00.000,HOMICIDE,41.867065051,-87.652453485,28,41.867065051,-87.652453485,4,3,top 3
27352,2023-02-19T22:59:00.000,HOMICIDE,41.931297786,-87.764623585,19,41.931297786,-87.764623585,1,2,top 2
27351,2023-02-19T16:11:00.000,HOMICIDE,41.752645456,-87.565037954,43,41.752645456,-87.565037954,2,1,top 1
27350,2023-02-19T15:11:00.000,HOMICIDE,41.751078714,-87.558943889,46,41.751078714,-87.558943889,2,1,top 1
12987405,2023-02-18T22:58:00.000,HOMICIDE,41.711733856,-87.642953935,73,41.711733856,-87.642953935,11,8,top 8
27347,2023-02-18T10:34:00.000,HOMICIDE,41.764230717,-87.671084784,67,41.764230717,-87.671084784,2,1,top 1
27348,2023-02-18T07:16:00.000,HOMICIDE,41.761387358,-87.655976277,67,41.761387358,-87.655976277,2,1,top 1
27345,2023-02-17T07:00:00.000,HOMICIDE,41.795726761,-87.677266378,61,41.795726761,-87.677266378,2,1,top 1
27349,2023-02-17T04:49:00.000,HOMICIDE,41.967122386,-87.720661686,14,41.967122386,-87.720661686,6,9,top 9
27344,2023-02-16T01:01:00.000,HOMICIDE,41.768478489,-87.670538895,67,41.768478489,-87.670538895000007,2,1,top 1
27343,2023-02-15T01:45:00.000,HOMICIDE,41.657732027,-87.59587429,54,41.657732027,-87.59587429,8,7,top 7
27346,2023-02-14T21:51:00.000,HOMICIDE,41.85698892,-87.661906149,31,41.85698892,-87.661906149,4,3,top 3
27341,2023-02-12T18:17:00.000,HOMICIDE,41.743815671,-87.614439149,44,41.743815671,-87.614439149,2,1,top 1
27339,2023-02-12T02:21:00.000,HOMICIDE,42.010204952,-87.673871163,1,42.010204952,-87.673871163,3,6,top 6
27340,2023-02-12T02:05:00.000,HOMICIDE,41.864243329,-87.650959884,28,41.864243329,-87.650959884,4,3,top 3
27338,2023-02-11T02:48:00.000,HOMICIDE,41.740972,-87.622729857,44,41.740972,-87.622729857,2,1,top 1
27337,2023-02-10T10:24:00.000,HOMICIDE,41.760087548,-87.562104969,43,41.760087548,-87.562104969,2,1,top 1
27336,2023-02-09T17:15:00.000,HOMICIDE,41.687218241,-87.654382449,75,41.687218241,-87.654382449,0,NA,ruído
27335,2023-02-09T00:35:00.000,HOMICIDE,41.977318446,-87.655013129,77,41.977318446,-87.655013129,17,NA,cluster menor
27334,2023-02-08T23:24:00.000,HOMICIDE,41.846536062,-87.625350476,33,41.846536062,-87.625350476,5,5,top 5
27333,2023-02-07T20:30:00.000,HOMICIDE,41.747022167,-87.591734839,45,41.747022167,-87.591734839,2,1,top 1
27332,2023-02-07T14:09:00.000,HOMICIDE,41.753318978,-87.584754123,43,41.753318978,-87.584754123,2,1,top 1
27330,2023-02-05T04:04:00.000,HOMICIDE,41.758360157,-87.617905331,69,41.758360157,-87.617905331,2,1,top 1
27329,2023-02-04T02:24:00.000,HOMICIDE,41.871171598,-87.745572625,25,41.871171598,-87.745572625,1,2,top 2
27328,2023-02-03T03:13:00.000,HOMICIDE,41.895201725,-87.7507112,25,41.895201725,-87.7507112,1,2,top 2
27869,2023-02-02T18:10:00.000,HOMICIDE,41.805013233,-87.611353023,38,41.805013233,-87.611353023,2,1,top 1
27327,2023-02-01T20:13:00.000,HOMICIDE,41.686123758,-87.639760794,49,41.686123758,-87.639760794,2,1,top 1
27326,2023-02-01T14:39:00.000,HOMICIDE,41.793559117,-87.673492986,67,41.793559117,-87.673492986,2,1,top 1
27325,2023-01-30T06:43:00.000,HOMICIDE,41.811458894,-87.672333581,61,41.811458894,-87.672333581,2,1,top 1
27324,2023-01-30T06:31:00.000,HOMICIDE,41.857966931,-87.710303093,29,41.857966931,-87.710303093,1,2,top 2
27323,2023-01-28T13:31:00.000,HOMICIDE,41.727543644,-87.60382826,44,41.727543644,-87.60382826,2,1,top 1
27322,2023-01-27T14:06:00.000,HOMICIDE,41.721532572,-87.577764122,51,41.721532572,-87.577764122,16,NA,cluster menor
27319,2023-01-26T00:33:00.000,HOMICIDE,41.710202355,-87.655836342,73,41.710202355,-87.655836342,11,8,top 8
27320,2023-01-25T18:28:00.000,HOMICIDE,41.747659637,-87.602134757,44,41.747659637,-87.602134757,2,1,top 1
28606,2023-01-25T00:00:00.000,HOMICIDE,41.920958076,-87.677734144,22,41.920958076,-87.677734144,14,NA,cluster menor
27314,2023-01-23T21:12:00.000,HOMICIDE,41.900127913,-87.707476434,23,41.900127913,-87.707476434,1,2,top 2
27317,2023-01-23T15:39:00.000,HOMICIDE,41.753988038,-87.55372311,43,41.753988038,-87.55372311,2,1,top 1
27316,2023-01-23T15:39:00.000,HOMICIDE,41.753988038,-87.55372311,43,41.753988038,-87.55372311,2,1,top 1
27315,2023-01-23T04:03:00.000,HOMICIDE,41.740918989,-87.631967753,44,41.740918989,-87.631967753,2,1,top 1
27313,2023-01-22T19:33:00.000,HOMICIDE,41.754166404,-87.652145421,71,41.754166404,-87.652145421,2,1,top 1
27312,2023-01-22T19:27:00.000,HOMICIDE,41.894548755,-87.708967018,23,41.894548755,-87.708967018,1,2,top 2
27311,2023-01-22T14:28:00.000,HOMICIDE,41.67673495,-87.62262064,53,41.67673495,-87.62262064,2,1,top 1
27310,2023-01-21T18:28:00.000,HOMICIDE,41.760480477,-87.655762234,67,41.760480477,-87.655762234,2,1,top 1
27309,2023-01-21T16:36:00.000,HOMICIDE,41.692273984,-87.612146482,49,41.692273984,-87.612146482,2,1,top 1
27308,2023-01-21T04:03:00.000,HOMICIDE,41.925909014,-87.759287976,19,41.925909014,-87.759287976,1,2,top 2
27307,2023-01-20T23:26:00.000,HOMICIDE,41.885702596,-87.720926076,26,41.885702596,-87.720926076,1,2,top 2
27306,2023-01-20T16:27:00.000,HOMICIDE,41.895429461,-87.719621079,23,41.895429461,-87.719621079,1,2,top 2
27305,2023-01-20T06:21:00.000,HOMICIDE,41.760986379,-87.623201821,69,41.760986379,-87.623201821,2,1,top 1
27304,2023-01-16T05:40:00.000,HOMICIDE,41.879297767,-87.725621359,26,41.879297767,-87.725621359,1,2,top 2
27303,2023-01-16T02:12:00.000,HOMICIDE,41.736253033,-87.628277699,44,41.736253033,-87.628277699,2,1,top 1
27302,2023-01-16T00:27:00.000,HOMICIDE,41.751296595,-87.604413259,69,41.751296595,-87.604413259,2,1,top 1
27300,2023-01-15T23:41:00.000,HOMICIDE,42.011258006,-87.695599522,2,42.011258006,-87.695599522,0,NA,ruído
27299,2023-01-15T17:29:00.000,HOMICIDE,41.780946398,-87.621995369,40,41.780946398,-87.621995369,2,1,top 1
27298,2023-01-15T12:09:00.000,HOMICIDE,41.745663097,-87.613205619,44,41.745663097,-87.613205619,2,1,top 1
27297,2023-01-14T12:46:00.000,HOMICIDE,41.887211644,-87.765738243,25,41.887211644,-87.765738243,1,2,top 2
27296,2023-01-13T02:26:00.000,HOMICIDE,41.812203477,-87.669156592,61,41.812203477,-87.669156592,2,1,top 1
27295,2023-01-12T18:15:00.000,HOMICIDE,41.693421344,-87.620983384,49,41.693421344,-87.620983384,2,1,top 1
27301,2023-01-11T21:00:00.000,HOMICIDE,41.774568527,-87.599717551,42,41.774568527,-87.599717551,2,1,top 1
27293,2023-01-09T20:10:00.000,HOMICIDE,41.780243493,-87.615319321,42,41.780243493,-87.615319321,2,1,top 1
27292,2023-01-09T16:53:00.000,HOMICIDE,41.855002245,-87.622265531,33,41.855002245,-87.622265531,5,5,top 5
27291,2023-01-09T08:30:00.000,HOMICIDE,41.870028132,-87.708823855,29,41.870028132,-87.708823855,1,2,top 2
27289,2023-01-06T21:25:00.000,HOMICIDE,41.791763159,-87.657240734,67,41.791763159,-87.657240734,2,1,top 1
27288,2023-01-06T16:41:00.000,HOMICIDE,41.87328131,-87.71974488,27,41.87328131,-87.71974488,1,2,top 2
27287,2023-01-06T15:35:00.000,HOMICIDE,41.778692282,-87.654478002,67,41.778692282,-87.654478002,2,1,top 1
27285,2023-01-05T17:00:00.000,HOMICIDE,41.772926421,-87.676171694,67,41.772926421,-87.676171694,2,1,top 1
27284,2023-01-03T03:03:00.000,HOMICIDE,41.779618399,-87.653767961,68,41.779618399,-87.653767961,2,1,top 1
27286,2023-01-02T13:02:00.000,HOMICIDE,41.760453013,-87.674634948,67,41.760453013,-87.674634948,2,1,top 1
27321,2023-01-02T07:00:00.000,HOMICIDE,41.964522471,-87.656913808,3,41.964522471,-87.656913808,17,NA,cluster menor
27283,2023-01-01T16:40:00.000,HOMICIDE,41.894008903,-87.751434582,25,41.894008903,-87.751434582,1,2,top 2
27282,2023-01-01T13:37:00.000,HOMICIDE,41.792155669,-87.619157821,40,41.792155669,-87.619157821,2,1,top 1
27281,2023-01-01T09:46:00.000,HOMICIDE,41.700477811,-87.623329654,49,41.700477811,-87.623329654,2,1,top 1
27279,2023-01-01T05:54:00.000,HOMICIDE,41.903131319,-87.68058344,24,41.903131319,-87.68058344,14,NA,cluster menor
27280,2023-01-01T04:56:00.000,HOMICIDE,41.824367732,-87.641081186,60,41.824367732,-87.641081186,2,1,top 1
